year,month,CO_max,CO_mean,CO_min,Humidity_max,Humidity_mean,Humidity_min,NO2_max,NO2_mean,NO2_min,O3_max,O3_mean,O3_min,SO2_max,SO2_mean,SO2_min,Temp_max,Temp_mean,Temp_min,.geo
2020,January,0.049862597,0.04582582,0.03654225,79.92303544,75.54863924,70.88710913,2.85E-04,3.95E-05,1.08E-05,0.123033045,0.11579861,0.110262744,6.83E-04,8.35E-05,-1.76E-04,293.9996619,291.2150871,288.608378,"{""type"":""MultiPoint"",""coordinates"":[]}"
2020,February,0.051683053,0.047758177,0.041816978,74.34296606,63.13491107,50.43174839,3.10E-04,3.98E-05,1.24E-05,0.131124322,0.124000855,0.117013485,4.75E-04,1.43E-04,-1.28E-04,295.1280072,293.3915977,290.7820768,"{""type"":""MultiPoint"",""coordinates"":[]}"
2020,March,0.062673714,0.048251823,0.04517547,76.9981894,61.08820438,44.90478454,2.34E-04,4.02E-05,2.21E-05,0.132983878,0.127160388,0.121403971,5.10E-04,1.45E-04,-4.32E-05,299.8884468,298.0224597,294.3876671,"{""type"":""MultiPoint"",""coordinates"":[]}"
2020,April,0.05638144,0.048360501,0.044922618,81.02882228,70.12224969,56.63411555,9.19E-05,2.63E-05,9.89E-06,0.135093756,0.130931743,0.126717317,3.11E-04,1.03E-04,-6.91E-05,301.8314827,299.9781368,296.4687223,"{""type"":""MultiPoint"",""coordinates"":[]}"
2020,May,0.049451284,0.045359568,0.03946197,87.58216084,81.2832082,69.09845877,1.27E-04,2.38E-05,5.68E-06,0.129687027,0.127542811,0.124973266,2.24E-04,3.79E-05,-1.24E-04,302.0254596,300.6015338,297.2360768,"{""type"":""MultiPoint"",""coordinates"":[]}"
2020,June,0.043537078,0.037679675,0.030115985,93.26122985,87.14564099,84.87399438,7.66E-05,2.42E-05,6.28E-06,0.124679649,0.123637889,0.122083019,1.29E-04,-4.55E-05,-2.07E-04,301.8725923,300.855238,297.7087333,"{""type"":""MultiPoint"",""coordinates"":[]}"
2020,July,0.037687468,0.032546823,0.02750788,94.21923005,87.56095021,85.0048695,1.22E-04,2.41E-05,7.04E-06,0.121440477,0.120453576,0.119326891,2.94E-04,-6.23E-05,-3.64E-04,301.8481147,300.8963498,297.5811929,"{""type"":""MultiPoint"",""coordinates"":[]}"
2020,August,0.036193995,0.032045766,0.028772436,94.3760106,86.02333257,82.75239607,7.22E-05,2.37E-05,5.57E-06,0.120485869,0.119569857,0.118545352,3.51E-04,-1.76E-05,-3.95E-04,301.9363095,301.1197311,297.5360003,"{""type"":""MultiPoint"",""coordinates"":[]}"
2020,September,0.04073947,0.035033465,0.029999443,91.61888362,86.97809126,84.25633249,1.84E-04,2.84E-05,8.31E-06,0.119393146,0.11840886,0.117392932,3.50E-04,-1.16E-05,-2.85E-04,301.7573101,300.9279077,297.8415115,"{""type"":""MultiPoint"",""coordinates"":[]}"
2020,October,0.045857295,0.040241986,0.030466933,91.58462503,84.46320055,77.34127598,2.73E-04,3.00E-05,7.31E-06,0.116261508,0.114906745,0.113342859,2.28E-04,1.09E-05,-1.27E-04,301.4318917,300.3876631,297.5441045,"{""type"":""MultiPoint"",""coordinates"":[]}"
2020,November,0.048840093,0.042975072,0.03576692,85.60841819,73.78630825,60.19691176,2.93E-04,3.29E-05,7.66E-06,0.11949753,0.117602852,0.114974916,5.34E-04,1.11E-04,-1.32E-04,298.3346705,296.0769107,293.45925,"{""type"":""MultiPoint"",""coordinates"":[]}"
2020,December,0.0534794,0.047764817,0.03592916,78.68579819,71.7954365,66.32425335,4.25E-04,4.24E-05,8.38E-06,0.116576927,0.112102875,0.107888109,5.10E-04,1.42E-04,-1.23E-04,295.0557976,292.4810332,289.7137329,"{""type"":""MultiPoint"",""coordinates"":[]}"
2021,January,0.056953823,0.050915499,0.039479414,75.1904659,69.05335165,61.63223452,4.43E-04,4.96E-05,9.01E-06,0.112894213,0.111656696,0.11068171,5.28E-04,1.79E-04,-1.75E-04,294.8602722,292.036205,289.0251223,"{""type"":""MultiPoint"",""coordinates"":[]}"
2021,February,0.054059938,0.04947953,0.040561018,74.3196796,60.44856415,52.37811403,4.05E-04,4.77E-05,1.12E-05,0.126802161,0.124472329,0.122168551,5.99E-04,2.37E-04,-4.75E-05,296.20533,294.4672015,291.3825819,"{""type"":""MultiPoint"",""coordinates"":[]}"
2021,March,0.071270839,0.05495476,0.048213811,77.45269012,57.5821562,39.61599712,3.93E-04,5.88E-05,2.94E-05,0.124359685,0.120792435,0.117454858,4.98E-04,1.89E-04,-1.83E-05,301.4901896,299.585317,294.9690728,"{""type"":""MultiPoint"",""coordinates"":[]}"
2021,April,0.065055109,0.053061464,0.049989186,76.65391768,62.49058783,49.65343963,3.16E-04,4.15E-05,1.46E-05,0.129119772,0.126807782,0.124300386,5.02E-04,2.43E-04,8.92E-06,303.3175357,301.891639,296.9637082,"{""type"":""MultiPoint"",""coordinates"":[]}"
2021,May,0.050366225,0.044255636,0.037830677,85.61531591,78.46730814,65.16442333,1.83E-04,3.47E-05,9.84E-06,0.129526603,0.128307737,0.126039337,2.76E-04,2.72E-05,-1.85E-04,302.9084602,301.242903,297.8124395,"{""type"":""MultiPoint"",""coordinates"":[]}"
2021,June,0.044773445,0.03907011,0.029970963,93.80579384,87.37534307,82.51100879,1.28E-04,3.12E-05,6.29E-06,0.125705308,0.124878897,0.123531121,3.54E-04,-5.35E-05,-5.64E-04,301.7728594,300.6019208,297.2684378,"{""type"":""MultiPoint"",""coordinates"":[]}"
2021,July,0.03852225,0.033585345,0.02786067,93.26120706,86.43388512,83.46639118,8.16E-05,2.67E-05,9.01E-06,0.126568515,0.125663226,0.124531155,3.21E-04,-7.57E-05,-4.49E-04,301.844127,300.904853,297.4538906,"{""type"":""MultiPoint"",""coordinates"":[]}"
2021,August,0.041273891,0.035936596,0.031078251,94.65193031,87.83340791,85.23734634,1.40E-04,3.25E-05,5.50E-06,0.124457598,0.123667186,0.122681986,4.69E-04,-2.65E-05,-3.06E-04,301.3834389,300.6408051,297.4441538,"{""type"":""MultiPoint"",""coordinates"":[]}"
2021,September,0.036534983,0.033060068,0.028694353,90.99682049,85.13411134,81.40773501,2.45E-04,3.54E-05,6.64E-06,0.124037427,0.122898076,0.12165113,2.58E-04,1.40E-05,-2.40E-04,301.8924167,300.8422414,297.5358493,"{""type"":""MultiPoint"",""coordinates"":[]}"
2021,October,0.044629226,0.040157836,0.033328628,89.99801675,82.65899477,78.91789701,2.40E-04,3.56E-05,8.61E-06,0.123403988,0.12221921,0.119903296,2.98E-04,3.47E-05,-1.37E-04,301.0492641,300.0114936,297.5165624,"{""type"":""MultiPoint"",""coordinates"":[]}"
2021,November,0.046941158,0.041546734,0.033158487,83.78825377,72.16995344,61.13203916,4.23E-04,3.85E-05,5.93E-06,0.120007216,0.118811016,0.115766686,3.93E-04,6.41E-05,-1.12E-04,299.2718228,295.6394646,292.6794345,"{""type"":""MultiPoint"",""coordinates"":[]}"
2021,December,0.046999283,0.041661777,0.03354074,84.71390192,73.83986926,62.84702549,3.14E-04,4.18E-05,7.01E-06,0.120533905,0.117277043,0.115023808,5.21E-04,1.07E-04,-1.66E-04,296.2391818,292.660673,290.1417514,"{""type"":""MultiPoint"",""coordinates"":[]}"
2022,January,0.049464895,0.044152543,0.035084097,78.85840167,73.37871104,58.70316342,4.32E-04,5.02E-05,8.69E-06,0.125776008,0.122095601,0.117609442,6.42E-04,1.94E-04,-9.53E-05,294.5029474,291.29167,288.627992,"{""type"":""MultiPoint"",""coordinates"":[]}"
2022,February,0.04684967,0.043733804,0.036434507,75.5952083,67.75417243,42.06793264,3.81E-04,4.93E-05,9.84E-06,0.133589166,0.128203672,0.120984541,5.19E-04,1.97E-04,-9.02E-05,295.1825972,292.2136179,288.7125509,"{""type"":""MultiPoint"",""coordinates"":[]}"
2022,March,0.058222613,0.050059257,0.044807444,72.46317295,59.27083923,42.98200016,3.45E-04,5.40E-05,2.50E-05,0.130800648,0.128167816,0.122426493,4.59E-04,1.93E-04,-7.11E-06,300.7481378,299.2243524,295.471306,"{""type"":""MultiPoint"",""coordinates"":[]}"
2022,April,0.05358646,0.049082424,0.046294774,89.38606429,75.41861742,60.73549267,2.59E-04,3.76E-05,1.16E-05,0.132972305,0.129911716,0.126281571,4.83E-04,1.73E-04,-1.03E-04,303.3876353,301.1692522,296.1809025,"{""type"":""MultiPoint"",""coordinates"":[]}"
2022,May,0.049685747,0.045771315,0.039623145,88.81895414,81.82389281,76.79510965,1.91E-04,3.31E-05,8.93E-06,0.133603017,0.132567947,0.129879892,2.73E-04,5.00E-05,-1.59E-04,302.6492852,300.8465577,297.0426588,"{""type"":""MultiPoint"",""coordinates"":[]}"
2022,June,0.049689265,0.043005426,0.035336798,95.71467192,85.9438031,77.17906299,1.37E-04,3.32E-05,4.51E-06,0.132086982,0.130753942,0.129225627,3.84E-04,1.03E-05,-4.09E-04,303.018107,300.8298095,296.9231119,"{""type"":""MultiPoint"",""coordinates"":[]}"
2022,July,0.03413722,0.030879758,0.025961748,88.16137183,82.04238115,76.1435108,1.26E-04,2.76E-05,7.08E-06,0.128296252,0.127116781,0.126218891,1.74E-04,-3.44E-05,-1.94E-04,302.7127086,301.6280864,298.6013857,"{""type"":""MultiPoint"",""coordinates"":[]}"
2022,August,0.036048585,0.031963895,0.027483007,91.10719445,82.35019275,77.99914113,1.01E-04,2.85E-05,7.54E-06,0.128382471,0.125228657,0.124140293,1.92E-04,-4.00E-05,-3.01E-04,302.393814,301.4731463,298.0973564,"{""type"":""MultiPoint"",""coordinates"":[]}"
2022,September,0.041441325,0.037493229,0.031838404,91.98370612,86.63050933,83.39265567,1.81E-04,3.38E-05,9.97E-06,0.123619,0.122670887,0.121752667,1.98E-04,-7.26E-06,-1.53E-04,301.4865349,300.6902961,297.5870639,"{""type"":""MultiPoint"",""coordinates"":[]}"
2022,October,0.038864708,0.035650397,0.031114828,89.05588247,82.04494805,77.01204864,2.48E-04,3.44E-05,9.35E-06,0.120586973,0.119472644,0.118263025,2.12E-04,2.04E-05,-1.19E-04,300.6386057,299.2521513,296.9212732,"{""type"":""MultiPoint"",""coordinates"":[]}"
2022,November,0.044089283,0.039002054,0.031970675,82.43434466,71.88511245,64.07636393,4.13E-04,4.32E-05,8.51E-06,0.115300321,0.114598365,0.113110657,3.30E-04,3.78E-05,-1.52E-04,298.9237816,296.0879772,293.4879689,"{""type"":""MultiPoint"",""coordinates"":[]}"
2022,December,0.052669697,0.045250998,0.034515593,77.64229207,70.25111951,60.62706313,5.16E-04,5.07E-05,1.15E-05,0.113890536,0.111408788,0.108680548,4.64E-04,6.65E-05,-1.38E-04,296.5054436,293.3631584,290.7208176,"{""type"":""MultiPoint"",""coordinates"":[]}"
2023,January,0.053728157,0.047978182,0.03601065,75.75797117,69.91073068,55.85780394,3.76E-04,5.04E-05,1.25E-05,0.114147484,0.112303624,0.109834867,5.51E-04,1.95E-04,-1.31E-04,295.1195139,292.034963,289.3281255,"{""type"":""MultiPoint"",""coordinates"":[]}"
2023,February,0.052008784,0.04654141,0.037536515,77.0137698,62.45421249,47.13726768,3.24E-04,5.10E-05,1.59E-05,0.117502262,0.114755074,0.112529212,5.54E-04,2.44E-04,-4.22E-05,297.1617421,295.1809529,291.9068622,"{""type"":""MultiPoint"",""coordinates"":[]}"
2023,March,0.058078889,0.048903409,0.043426151,76.13155273,65.23042678,45.90013675,3.78E-04,5.02E-05,2.32E-05,0.125024046,0.121173967,0.117778646,4.78E-04,1.87E-04,-2.12E-05,300.0428509,298.1070556,294.1251814,"{""type"":""MultiPoint"",""coordinates"":[]}"
2023,April,0.063002147,0.047282726,0.043073518,78.3046749,63.24708232,43.80201863,2.39E-04,3.92E-05,1.01E-05,0.132049605,0.129358094,0.126116079,4.71E-04,1.95E-04,-2.58E-05,303.1443227,301.446296,297.096086,"{""type"":""MultiPoint"",""coordinates"":[]}"
2023,May,0.047217951,0.043896573,0.038085214,79.7218585,71.39495411,59.72612891,2.21E-04,3.86E-05,1.19E-05,0.131186295,0.128596282,0.127024211,3.29E-04,8.99E-05,-7.32E-05,303.5891738,301.8142213,298.1691784,"{""type"":""MultiPoint"",""coordinates"":[]}"
2023,June,0.044992909,0.040329585,0.033879647,91.3392016,81.2369565,63.1378003,2.13E-04,3.78E-05,1.23E-05,0.129594773,0.128517735,0.127507816,2.37E-04,9.38E-06,-1.65E-04,304.8838574,302.2322119,298.4982373,"{""type"":""MultiPoint"",""coordinates"":[]}"
2023,July,0.036463202,0.032809829,0.028742892,90.11766065,83.63591555,78.99615648,8.94E-05,2.49E-05,7.68E-06,0.12762397,0.124683801,0.123446991,2.39E-04,-5.98E-05,-2.28E-04,302.6064293,301.8400982,298.817821,"{""type"":""MultiPoint"",""coordinates"":[]}"
2023,August,0.04082023,0.036790583,0.032167002,95.65705853,87.22147377,83.22826743,1.48E-04,2.71E-05,8.25E-06,0.124036862,0.123403499,0.12248342,2.25E-04,-4.18E-05,-2.85E-04,302.0508325,301.1408623,297.3064268,"{""type"":""MultiPoint"",""coordinates"":[]}"
2023,September,0.041796105,0.037519863,0.032478371,92.91761966,85.60482866,82.50405947,1.29E-04,2.99E-05,1.06E-05,0.124306886,0.123468715,0.12185213,2.32E-04,4.06E-07,-1.62E-04,302.1903748,301.4171095,298.0762065,"{""type"":""MultiPoint"",""coordinates"":[]}"
2023,October,0.043023085,0.039902859,0.033395544,88.14210374,81.24680985,76.26473678,2.13E-04,3.22E-05,8.34E-06,0.123216145,0.122192584,0.11938548,2.58E-04,4.46E-05,-1.23E-04,300.9187431,299.5532543,296.9516942,"{""type"":""MultiPoint"",""coordinates"":[]}"
2023,November,0.048270431,0.041398009,0.034870963,85.96239366,73.60267624,61.16747596,2.58E-04,3.68E-05,1.02E-05,0.12096846,0.117928128,0.1154463,3.66E-04,3.14E-05,-1.90E-04,298.777583,297.1598814,294.3525613,"{""type"":""MultiPoint"",""coordinates"":[]}"
2023,December,0.049780056,0.044101124,0.035278894,85.76643605,75.90809139,63.25301277,2.64E-04,4.14E-05,7.83E-06,0.122992593,0.118657665,0.114572737,7.74E-04,1.33E-04,-1.91E-04,296.0258631,293.6298316,291.2624327,"{""type"":""MultiPoint"",""coordinates"":[]}"
2024,January,0.056434556,0.048163725,0.035608816,78.54611763,73.92570952,67.47078075,3.49E-04,4.04E-05,9.25E-06,0.13119326,0.123930944,0.116161723,6.96E-04,2.05E-04,-7.94E-05,293.7523874,291.1026168,288.6331103,"{""type"":""MultiPoint"",""coordinates"":[]}"
2024,February,0.051356935,0.047750766,0.040744934,79.09111291,66.30406849,52.28741678,2.43E-04,4.31E-05,1.27E-05,0.129438723,0.12146477,0.11534572,8.00E-04,2.47E-04,-4.48E-05,296.648585,294.3008789,290.3569969,"{""type"":""MultiPoint"",""coordinates"":[]}"
2024,March,0.052879526,0.046801463,0.041828692,77.26908717,63.94352808,45.19542518,1.89E-04,3.73E-05,2.05E-05,0.129505732,0.125356385,0.120656853,5.62E-04,2.21E-04,-1.96E-05,300.2185994,297.9728925,293.740874,"{""type"":""MultiPoint"",""coordinates"":[]}"
2024,April,0.060117603,0.050165759,0.044543971,82.48477562,58.60795033,34.26376218,1.54E-04,3.71E-05,1.47E-05,0.138288852,0.133547789,0.129141029,4.82E-04,2.15E-04,-3.24E-05,305.2365364,303.4423854,297.3413866,"{""type"":""MultiPoint"",""coordinates"":[]}"
2024,May,0.055570584,0.048730569,0.039610603,83.66783536,74.35444446,58.61458404,1.45E-04,3.23E-05,5.21E-06,0.136640744,0.133843401,0.130461027,2.69E-04,5.56E-05,-1.77E-04,303.5745943,302.4442059,298.6422212,"{""type"":""MultiPoint"",""coordinates"":[]}"
2024,June,0.052935718,0.047300376,0.035638683,93.14161737,84.1452641,74.12917667,1.29E-04,3.43E-05,6.44E-06,0.132012294,0.129566479,0.127226072,3.98E-04,3.77E-05,-2.16E-04,304.6575699,302.2975085,298.424516,"{""type"":""MultiPoint"",""coordinates"":[]}"
2024,July,0.038240593,0.033811528,0.029553667,94.54274957,85.65543395,82.10149062,7.95E-05,2.26E-05,6.94E-06,0.127866979,0.124725281,0.123599166,1.86E-04,-6.34E-05,-2.75E-04,302.5203487,301.5225401,297.905495,"{""type"":""MultiPoint"",""coordinates"":[]}"
2024,August,0.038636899,0.033898234,0.028914233,95.63259745,88.35510453,84.51032566,1.15E-04,2.68E-05,4.81E-06,0.125079898,0.124129641,0.122967092,2.75E-04,-3.37E-05,-3.88E-04,301.3724196,300.4531799,297.0503797,"{""type"":""MultiPoint"",""coordinates"":[]}"
2024,September,0.041597277,0.037277155,0.031904307,91.77324914,85.20294031,81.84137167,1.32E-04,2.97E-05,8.26E-06,0.124103333,0.123154862,0.122105431,1.68E-04,-7.04E-06,-1.81E-04,302.3907516,301.5388227,298.225604,"{""type"":""MultiPoint"",""coordinates"":[]}"
2024,October,0.046254447,0.040889281,0.034028581,89.63644905,85.10123884,80.77789214,2.41E-04,3.25E-05,8.77E-06,0.122109228,0.12134955,0.120144285,4.17E-04,4.39E-05,-1.42E-04,301.4176622,299.8981753,297.0613796,"{""type"":""MultiPoint"",""coordinates"":[]}"
2024,November,0.048403549,0.042166665,0.03499044,83.02508606,73.33591058,65.6538022,2.55E-04,3.94E-05,8.55E-06,0.117340021,0.116241754,0.115028847,2.26E-04,1.82E-05,-1.34E-04,299.0844261,296.8040671,294.0983882,"{""type"":""MultiPoint"",""coordinates"":[]}"
2024,December,0.051861494,0.046421844,0.038553552,77.31778685,68.81621085,60.02915398,3.01E-04,4.26E-05,8.96E-06,0.118107043,0.116461354,0.11321073,3.86E-04,9.25E-05,-1.01E-04,297.0038341,292.8295399,290.3906447,"{""type"":""MultiPoint"",""coordinates"":[]}"
2025,January,0.05476872,0.050204587,0.040036392,76.35540949,71.4590826,58.47910748,2.34E-04,4.37E-05,1.33E-05,0.120184321,0.117930658,0.114328346,3.44E-04,7.44E-05,-1.18E-04,295.1886267,292.336065,290.016266,"{""type"":""MultiPoint"",""coordinates"":[]}"
2025,February,0.054324612,0.047513658,0.040213338,77.36604483,63.8545448,43.35038769,3.04E-04,4.72E-05,1.60E-05,0.127512327,0.122538256,0.117472859,4.91E-04,1.81E-04,-3.95E-05,297.6961922,295.1927042,291.1395341,"{""type"":""MultiPoint"",""coordinates"":[]}"
2025,March,0.066004386,0.050550711,0.043408308,75.80505432,58.73086207,46.11972731,1.72E-04,4.71E-05,2.56E-05,0.129980904,0.12716958,0.123646269,4.60E-04,2.02E-04,1.07E-05,301.1209841,299.313139,294.2990834,"{""type"":""MultiPoint"",""coordinates"":[]}"
2025,April,0.05575888,0.049375187,0.04158813,83.19827085,72.30819866,61.75851869,1.64E-04,3.23E-05,1.18E-05,0.134703014,0.131619202,0.127400517,2.87E-04,1.08E-04,-6.69E-05,302.367867,301.0382718,296.8291218,"{""type"":""MultiPoint"",""coordinates"":[]}"
2025,May,0.050376268,0.044979845,0.037026773,87.39185907,80.02964688,72.77406288,1.26E-04,2.96E-05,1.10E-05,0.133859441,0.131786441,0.12908515,2.82E-04,8.60E-05,-4.42E-05,302.7440647,301.3263505,297.8632105,"{""type"":""MultiPoint"",""coordinates"":[]}"
2025,June,0.042610781,0.037239102,0.031380578,94.65060587,85.16546291,80.37113996,6.94E-05,2.36E-05,7.19E-06,0.129456442,0.127959164,0.125734039,2.00E-04,1.17E-05,-1.30E-04,302.1957404,301.2071908,297.611463,"{""type"":""MultiPoint"",""coordinates"":[]}"
2025,July,0.040913538,0.034006393,0.029000531,95.08431911,87.24685822,82.80102906,1.20E-04,2.51E-05,5.78E-06,0.12898837,0.125343237,0.124335684,1.52E-04,1.23E-06,-2.76E-04,301.9171122,300.8078103,297.3657481,"{""type"":""MultiPoint"",""coordinates"":[]}"
2025,August,0.038704984,0.033930542,0.029371396,93.25639921,86.67877016,83.9502694,8.65E-05,2.20E-05,7.82E-06,0.124637453,0.123987652,0.123172932,1.89E-04,1.86E-05,-9.91E-05,301.2837945,300.6656992,297.5327681,"{""type"":""MultiPoint"",""coordinates"":[]}"
2025,September,0.040268803,0.035104799,0.029937151,91.34070714,85.4315193,82.86316191,9.80E-05,2.70E-05,9.46E-06,0.122959501,0.121957035,0.120942674,1.60E-04,2.21E-05,-8.83E-05,301.8907249,301.1759803,297.8475907,"{""type"":""MultiPoint"",""coordinates"":[]}"
2025,October,0.039660516,0.035365924,0.0301103,89.91657688,82.41760239,77.07023951,2.55E-04,3.02E-05,6.14E-06,0.123198008,0.121818681,0.119065561,1.57E-04,2.50E-05,-8.00E-05,301.1622782,300.0385563,297.3029583,"{""type"":""MultiPoint"",""coordinates"":[]}"
2025,November,0.045723406,0.039795138,0.033985866,83.77839374,72.85004595,64.71206687,2.25E-04,3.36E-05,8.66E-06,0.114904392,0.113704864,0.112067437,2.68E-04,2.76E-05,-1.05E-04,298.4772937,296.1371852,293.4038698,"{""type"":""MultiPoint"",""coordinates"":[]}"
2025,December,0.049355313,0.041444171,0.033297579,81.7960173,70.63330684,63.5199081,2.64E-04,3.80E-05,8.80E-06,0.113942122,0.113054308,0.112047851,2.90E-04,4.67E-05,-1.10E-04,295.3147636,292.5161018,290.1516986,"{""type"":""MultiPoint"",""coordinates"":[]}"
,,,,,,,,,,,,,,,,,,,,
,,,,,,,,,,,,,,,,,,,,
,,,,,,,,,,,,,,,,,,,,
,,,,,,,,,,,,,,,,,,,,
,,,,,,,,,,,,,,,,,,,,
,,,,,,,,,,,,,,,,,,,,
,,,,,,,,,,,,,,,,,,,,
,,,,,,,,,,,,,,,,,,,,
,,,,,,,,,,,,,,,,,,,,
,,,,,,,,,,,,,,,,,,,,
,,,,,,,,,,,,,,,,,,,,
,,,,,,,,,,,,,,,,,,,,
,,,,,,,,,,,,,,,,,,,,
,,,,,,,,,,,,,,,,,,,,
,,,,,,,,,,,,,,,,,,,,
,,,,,,,,,,,,,,,,,,,,
,,,,,,,,,,,,,,,,,,,,
,,,,,,,,,,,,,,,,,,,,
,,,,,,,,,,,,,,,,,,,,
,,,,,,,,,,,,,,,,,,,,
,,,,,,,,,,,,,,,,,,,,
,,,,,,,,,,,,,,,,,,,,
,,,,,,,,,,,,,,,,,,,,
,,,,,,,,,,,,,,,,,,,,
,,,,,,,,,,,,,,,,,,,,
,,,,,,,,,,,,,,,,,,,,
,,,,,,,,,,,,,,,,,,,,
,,,,,,,,,,,,,,,,,,,,
,,,,,,,,,,,,,,,,,,,,
,,,,,,,,,,,,,,,,,,,,
,,,,,,,,,,,,,,,,,,,,
,,,,,,,,,,,,,,,,,,,,
,,,,,,,,,,,,,,,,,,,,
,,,,,,,,,,,,,,,,,,,,
,,,,,,,,,,,,,,,,,,,,
,,,,,,,,,,,,,,,,,,,,
,,,,,,,,,,,,,,,,,,,,
,,,,,,,,,,,,,,,,,,,,
,,,,,,,,,,,,,,,,,,,,
,,,,,,,,,,,,,,,,,,,,
,,,,,,,,,,,,,,,,,,,,
,,,,,,,,,,,,,,,,,,,,
,,,,,,,,,,,,,,,,,,,,
,,,,,,,,,,,,,,,,,,,,
,,,,,,,,,,,,,,,,,,,,
,,,,,,,,,,,,,,,,,,,,
,,,,,,,,,,,,,,,,,,,,
,,,,,,,,,,,,,,,,,,,,
,,,,,,,,,,,,,,,,,,,,
,,,,,,,,,,,,,,,,,,,,
,,,,,,,,,,,,,,,,,,,,
,,,,,,,,,,,,,,,,,,,,
,,,,,,,,,,,,,,,,,,,,
,,,,,,,,,,,,,,,,,,,,
,,,,,,,,,,,,,,,,,,,,
,,,,,,,,,,,,,,,,,,,,
,,,,,,,,,,,,,,,,,,,,
,,,,,,,,,,,,,,,,,,,,
,,,,,,,,,,,,,,,,,,,,
,,,,,,,,,,,,,,,,,,,,
,,,,,,,,,,,,,,,,,,,,
,,,,,,,,,,,,,,,,,,,,
,,,,,,,,,,,,,,,,,,,,
,,,,,,,,,,,,,,,,,,,,
,,,,,,,,,,,,,,,,,,,,
,,,,,,,,,,,,,,,,,,,,
,,,,,,,,,,,,,,,,,,,,
,,,,,,,,,,,,,,,,,,,,
,,,,,,,,,,,,,,,,,,,,
,,,,,,,,,,,,,,,,,,,,
,,,,,,,,,,,,,,,,,,,,
,,,,,,,,,,,,,,,,,,,,
,,,,,,,,,,,,,,,,,,,,
,,,,,,,,,,,,,,,,,,,,
,,,,,,,,,,,,,,,,,,,,
,,,,,,,,,,,,,,,,,,,,
,,,,,,,,,,,,,,,,,,,,
,,,,,,,,,,,,,,,,,,,,
,,,,,,,,,,,,,,,,,,,,
,,,,,,,,,,,,,,,,,,,,
,,,,,,,,,,,,,,,,,,,,
,,,,,,,,,,,,,,,,,,,,
,,,,,,,,,,,,,,,,,,,,
,,,,,,,,,,,,,,,,,,,,
,,,,,,,,,,,,,,,,,,,,
,,,,,,,,,,,,,,,,,,,,
,,,,,,,,,,,,,,,,,,,,
,,,,,,,,,,,,,,,,,,,,
,,,,,,,,,,,,,,,,,,,,
,,,,,,,,,,,,,,,,,,,,
,,,,,,,,,,,,,,,,,,,,
,,,,,,,,,,,,,,,,,,,,
,,,,,,,,,,,,,,,,,,,,
,,,,,,,,,,,,,,,,,,,,
,,,,,,,,,,,,,,,,,,,,
,,,,,,,,,,,,,,,,,,,,
,,,,,,,,,,,,,,,,,,,,
,,,,,,,,,,,,,,,,,,,,
,,,,,,,,,,,,,,,,,,,,
,,,,,,,,,,,,,,,,,,,,
,,,,,,,,,,,,,,,,,,,,
,,,,,,,,,,,,,,,,,,,,
,,,,,,,,,,,,,,,,,,,,
,,,,,,,,,,,,,,,,,,,,
,,,,,,,,,,,,,,,,,,,,
,,,,,,,,,,,,,,,,,,,,
,,,,,,,,,,,,,,,,,,,,
,,,,,,,,,,,,,,,,,,,,
,,,,,,,,,,,,,,,,,,,,
,,,,,,,,,,,,,,,,,,,,
,,,,,,,,,,,,,,,,,,,,
,,,,,,,,,,,,,,,,,,,,
,,,,,,,,,,,,,,,,,,,,
,,,,,,,,,,,,,,,,,,,,
,,,,,,,,,,,,,,,,,,,,
,,,,,,,,,,,,,,,,,,,,
,,,,,,,,,,,,,,,,,,,,
,,,,,,,,,,,,,,,,,,,,
,,,,,,,,,,,,,,,,,,,,
,,,,,,,,,,,,,,,,,,,,
,,,,,,,,,,,,,,,,,,,,
,,,,,,,,,,,,,,,,,,,,
,,,,,,,,,,,,,,,,,,,,
,,,,,,,,,,,,,,,,,,,,
,,,,,,,,,,,,,,,,,,,,
,,,,,,,,,,,,,,,,,,,,
,,,,,,,,,,,,,,,,,,,,
,,,,,,,,,,,,,,,,,,,,
,,,,,,,,,,,,,,,,,,,,
,,,,,,,,,,,,,,,,,,,,
,,,,,,,,,,,,,,,,,,,,
,,,,,,,,,,,,,,,,,,,,
,,,,,,,,,,,,,,,,,,,,
,,,,,,,,,,,,,,,,,,,,
,,,,,,,,,,,,,,,,,,,,
,,,,,,,,,,,,,,,,,,,,
,,,,,,,,,,,,,,,,,,,,
,,,,,,,,,,,,,,,,,,,,
,,,,,,,,,,,,,,,,,,,,
,,,,,,,,,,,,,,,,,,,,
,,,,,,,,,,,,,,,,,,,,
,,,,,,,,,,,,,,,,,,,,
,,,,,,,,,,,,,,,,,,,,
,,,,,,,,,,,,,,,,,,,,
,,,,,,,,,,,,,,,,,,,,
,,,,,,,,,,,,,,,,,,,,
,,,,,,,,,,,,,,,,,,,,
,,,,,,,,,,,,,,,,,,,,
,,,,,,,,,,,,,,,,,,,,
,,,,,,,,,,,,,,,,,,,,
,,,,,,,,,,,,,,,,,,,,
,,,,,,,,,,,,,,,,,,,,
,,,,,,,,,,,,,,,,,,,,
,,,,,,,,,,,,,,,,,,,,
,,,,,,,,,,,,,,,,,,,,
,,,,,,,,,,,,,,,,,,,,
,,,,,,,,,,,,,,,,,,,,
,,,,,,,,,,,,,,,,,,,,
,,,,,,,,,,,,,,,,,,,,
,,,,,,,,,,,,,,,,,,,,
,,,,,,,,,,,,,,,,,,,,
,,,,,,,,,,,,,,,,,,,,
,,,,,,,,,,,,,,,,,,,,
,,,,,,,,,,,,,,,,,,,,
,,,,,,,,,,,,,,,,,,,,
,,,,,,,,,,,,,,,,,,,,
,,,,,,,,,,,,,,,,,,,,
,,,,,,,,,,,,,,,,,,,,
,,,,,,,,,,,,,,,,,,,,
,,,,,,,,,,,,,,,,,,,,
,,,,,,,,,,,,,,,,,,,,
,,,,,,,,,,,,,,,,,,,,
,,,,,,,,,,,,,,,,,,,,
,,,,,,,,,,,,,,,,,,,,
,,,,,,,,,,,,,,,,,,,,
,,,,,,,,,,,,,,,,,,,,
,,,,,,,,,,,,,,,,,,,,
,,,,,,,,,,,,,,,,,,,,
,,,,,,,,,,,,,,,,,,,,
,,,,,,,,,,,,,,,,,,,,
,,,,,,,,,,,,,,,,,,,,
,,,,,,,,,,,,,,,,,,,,
,,,,,,,,,,,,,,,,,,,,
,,,,,,,,,,,,,,,,,,,,
,,,,,,,,,,,,,,,,,,,,
,,,,,,,,,,,,,,,,,,,,
,,,,,,,,,,,,,,,,,,,,
,,,,,,,,,,,,,,,,,,,,
,,,,,,,,,,,,,,,,,,,,
,,,,,,,,,,,,,,,,,,,,
,,,,,,,,,,,,,,,,,,,,
,,,,,,,,,,,,,,,,,,,,
,,,,,,,,,,,,,,,,,,,,
,,,,,,,,,,,,,,,,,,,,
,,,,,,,,,,,,,,,,,,,,
,,,,,,,,,,,,,,,,,,,,
,,,,,,,,,,,,,,,,,,,,
,,,,,,,,,,,,,,,,,,,,
,,,,,,,,,,,,,,,,,,,,
,,,,,,,,,,,,,,,,,,,,
,,,,,,,,,,,,,,,,,,,,
,,,,,,,,,,,,,,,,,,,,
,,,,,,,,,,,,,,,,,,,,
,,,,,,,,,,,,,,,,,,,,
,,,,,,,,,,,,,,,,,,,,
,,,,,,,,,,,,,,,,,,,,
,,,,,,,,,,,,,,,,,,,,
,,,,,,,,,,,,,,,,,,,,
,,,,,,,,,,,,,,,,,,,,
,,,,,,,,,,,,,,,,,,,,
,,,,,,,,,,,,,,,,,,,,
,,,,,,,,,,,,,,,,,,,,
,,,,,,,,,,,,,,,,,,,,
,,,,,,,,,,,,,,,,,,,,
,,,,,,,,,,,,,,,,,,,,
,,,,,,,,,,,,,,,,,,,,
,,,,,,,,,,,,,,,,,,,,
,,,,,,,,,,,,,,,,,,,,
,,,,,,,,,,,,,,,,,,,,
,,,,,,,,,,,,,,,,,,,,
,,,,,,,,,,,,,,,,,,,,
,,,,,,,,,,,,,,,,,,,,
,,,,,,,,,,,,,,,,,,,,
,,,,,,,,,,,,,,,,,,,,
,,,,,,,,,,,,,,,,,,,,
,,,,,,,,,,,,,,,,,,,,
,,,,,,,,,,,,,,,,,,,,
,,,,,,,,,,,,,,,,,,,,
,,,,,,,,,,,,,,,,,,,,
,,,,,,,,,,,,,,,,,,,,
,,,,,,,,,,,,,,,,,,,,
,,,,,,,,,,,,,,,,,,,,
,,,,,,,,,,,,,,,,,,,,
,,,,,,,,,,,,,,,,,,,,
,,,,,,,,,,,,,,,,,,,,
,,,,,,,,,,,,,,,,,,,,
,,,,,,,,,,,,,,,,,,,,
,,,,,,,,,,,,,,,,,,,,
,,,,,,,,,,,,,,,,,,,,
,,,,,,,,,,,,,,,,,,,,
,,,,,,,,,,,,,,,,,,,,
,,,,,,,,,,,,,,,,,,,,
,,,,,,,,,,,,,,,,,,,,
,,,,,,,,,,,,,,,,,,,,
,,,,,,,,,,,,,,,,,,,,
,,,,,,,,,,,,,,,,,,,,
,,,,,,,,,,,,,,,,,,,,
,,,,,,,,,,,,,,,,,,,,
,,,,,,,,,,,,,,,,,,,,
,,,,,,,,,,,,,,,,,,,,
,,,,,,,,,,,,,,,,,,,,
,,,,,,,,,,,,,,,,,,,,
,,,,,,,,,,,,,,,,,,,,
,,,,,,,,,,,,,,,,,,,,
,,,,,,,,,,,,,,,,,,,,
,,,,,,,,,,,,,,,,,,,,
,,,,,,,,,,,,,,,,,,,,
,,,,,,,,,,,,,,,,,,,,
,,,,,,,,,,,,,,,,,,,,
,,,,,,,,,,,,,,,,,,,,
,,,,,,,,,,,,,,,,,,,,
,,,,,,,,,,,,,,,,,,,,
,,,,,,,,,,,,,,,,,,,,
,,,,,,,,,,,,,,,,,,,,
,,,,,,,,,,,,,,,,,,,,
,,,,,,,,,,,,,,,,,,,,
,,,,,,,,,,,,,,,,,,,,
,,,,,,,,,,,,,,,,,,,,
,,,,,,,,,,,,,,,,,,,,
,,,,,,,,,,,,,,,,,,,,
,,,,,,,,,,,,,,,,,,,,
,,,,,,,,,,,,,,,,,,,,
,,,,,,,,,,,,,,,,,,,,
,,,,,,,,,,,,,,,,,,,,
,,,,,,,,,,,,,,,,,,,,
,,,,,,,,,,,,,,,,,,,,
,,,,,,,,,,,,,,,,,,,,
,,,,,,,,,,,,,,,,,,,,
,,,,,,,,,,,,,,,,,,,,
,,,,,,,,,,,,,,,,,,,,
,,,,,,,,,,,,,,,,,,,,
,,,,,,,,,,,,,,,,,,,,
,,,,,,,,,,,,,,,,,,,,
,,,,,,,,,,,,,,,,,,,,
,,,,,,,,,,,,,,,,,,,,
,,,,,,,,,,,,,,,,,,,,
,,,,,,,,,,,,,,,,,,,,
,,,,,,,,,,,,,,,,,,,,
,,,,,,,,,,,,,,,,,,,,
,,,,,,,,,,,,,,,,,,,,
,,,,,,,,,,,,,,,,,,,,
,,,,,,,,,,,,,,,,,,,,
,,,,,,,,,,,,,,,,,,,,
,,,,,,,,,,,,,,,,,,,,
,,,,,,,,,,,,,,,,,,,,
,,,,,,,,,,,,,,,,,,,,
,,,,,,,,,,,,,,,,,,,,
,,,,,,,,,,,,,,,,,,,,
,,,,,,,,,,,,,,,,,,,,
,,,,,,,,,,,,,,,,,,,,
,,,,,,,,,,,,,,,,,,,,
,,,,,,,,,,,,,,,,,,,,
,,,,,,,,,,,,,,,,,,,,
,,,,,,,,,,,,,,,,,,,,
,,,,,,,,,,,,,,,,,,,,
,,,,,,,,,,,,,,,,,,,,
,,,,,,,,,,,,,,,,,,,,
,,,,,,,,,,,,,,,,,,,,
,,,,,,,,,,,,,,,,,,,,
,,,,,,,,,,,,,,,,,,,,
,,,,,,,,,,,,,,,,,,,,
,,,,,,,,,,,,,,,,,,,,
,,,,,,,,,,,,,,,,,,,,
,,,,,,,,,,,,,,,,,,,,
,,,,,,,,,,,,,,,,,,,,
,,,,,,,,,,,,,,,,,,,,
,,,,,,,,,,,,,,,,,,,,
,,,,,,,,,,,,,,,,,,,,
,,,,,,,,,,,,,,,,,,,,
,,,,,,,,,,,,,,,,,,,,
,,,,,,,,,,,,,,,,,,,,
,,,,,,,,,,,,,,,,,,,,
,,,,,,,,,,,,,,,,,,,,
,,,,,,,,,,,,,,,,,,,,
,,,,,,,,,,,,,,,,,,,,
,,,,,,,,,,,,,,,,,,,,
,,,,,,,,,,,,,,,,,,,,
,,,,,,,,,,,,,,,,,,,,
,,,,,,,,,,,,,,,,,,,,
,,,,,,,,,,,,,,,,,,,,
,,,,,,,,,,,,,,,,,,,,
,,,,,,,,,,,,,,,,,,,,
,,,,,,,,,,,,,,,,,,,,
,,,,,,,,,,,,,,,,,,,,
,,,,,,,,,,,,,,,,,,,,
,,,,,,,,,,,,,,,,,,,,
,,,,,,,,,,,,,,,,,,,,
,,,,,,,,,,,,,,,,,,,,
,,,,,,,,,,,,,,,,,,,,
,,,,,,,,,,,,,,,,,,,,
,,,,,,,,,,,,,,,,,,,,
,,,,,,,,,,,,,,,,,,,,
,,,,,,,,,,,,,,,,,,,,
,,,,,,,,,,,,,,,,,,,,
,,,,,,,,,,,,,,,,,,,,
,,,,,,,,,,,,,,,,,,,,
,,,,,,,,,,,,,,,,,,,,
,,,,,,,,,,,,,,,,,,,,
,,,,,,,,,,,,,,,,,,,,
,,,,,,,,,,,,,,,,,,,,
,,,,,,,,,,,,,,,,,,,,
,,,,,,,,,,,,,,,,,,,,
,,,,,,,,,,,,,,,,,,,,
,,,,,,,,,,,,,,,,,,,,
,,,,,,,,,,,,,,,,,,,,
,,,,,,,,,,,,,,,,,,,,
,,,,,,,,,,,,,,,,,,,,
,,,,,,,,,,,,,,,,,,,,
,,,,,,,,,,,,,,,,,,,,
,,,,,,,,,,,,,,,,,,,,
,,,,,,,,,,,,,,,,,,,,
,,,,,,,,,,,,,,,,,,,,
,,,,,,,,,,,,,,,,,,,,
,,,,,,,,,,,,,,,,,,,,
,,,,,,,,,,,,,,,,,,,,
,,,,,,,,,,,,,,,,,,,,
,,,,,,,,,,,,,,,,,,,,
,,,,,,,,,,,,,,,,,,,,
,,,,,,,,,,,,,,,,,,,,
,,,,,,,,,,,,,,,,,,,,
,,,,,,,,,,,,,,,,,,,,
,,,,,,,,,,,,,,,,,,,,
,,,,,,,,,,,,,,,,,,,,
,,,,,,,,,,,,,,,,,,,,
,,,,,,,,,,,,,,,,,,,,
,,,,,,,,,,,,,,,,,,,,
,,,,,,,,,,,,,,,,,,,,
,,,,,,,,,,,,,,,,,,,,
,,,,,,,,,,,,,,,,,,,,
,,,,,,,,,,,,,,,,,,,,
,,,,,,,,,,,,,,,,,,,,
,,,,,,,,,,,,,,,,,,,,
,,,,,,,,,,,,,,,,,,,,
,,,,,,,,,,,,,,,,,,,,
,,,,,,,,,,,,,,,,,,,,
,,,,,,,,,,,,,,,,,,,,
,,,,,,,,,,,,,,,,,,,,
,,,,,,,,,,,,,,,,,,,,
,,,,,,,,,,,,,,,,,,,,
,,,,,,,,,,,,,,,,,,,,
,,,,,,,,,,,,,,,,,,,,
,,,,,,,,,,,,,,,,,,,,
,,,,,,,,,,,,,,,,,,,,
,,,,,,,,,,,,,,,,,,,,
,,,,,,,,,,,,,,,,,,,,
,,,,,,,,,,,,,,,,,,,,
,,,,,,,,,,,,,,,,,,,,
,,,,,,,,,,,,,,,,,,,,
,,,,,,,,,,,,,,,,,,,,
,,,,,,,,,,,,,,,,,,,,
,,,,,,,,,,,,,,,,,,,,
,,,,,,,,,,,,,,,,,,,,
,,,,,,,,,,,,,,,,,,,,
,,,,,,,,,,,,,,,,,,,,
,,,,,,,,,,,,,,,,,,,,
,,,,,,,,,,,,,,,,,,,,
,,,,,,,,,,,,,,,,,,,,
,,,,,,,,,,,,,,,,,,,,
,,,,,,,,,,,,,,,,,,,,
,,,,,,,,,,,,,,,,,,,,
,,,,,,,,,,,,,,,,,,,,
,,,,,,,,,,,,,,,,,,,,
,,,,,,,,,,,,,,,,,,,,
,,,,,,,,,,,,,,,,,,,,
,,,,,,,,,,,,,,,,,,,,
,,,,,,,,,,,,,,,,,,,,
,,,,,,,,,,,,,,,,,,,,
,,,,,,,,,,,,,,,,,,,,
,,,,,,,,,,,,,,,,,,,,
,,,,,,,,,,,,,,,,,,,,
,,,,,,,,,,,,,,,,,,,,
,,,,,,,,,,,,,,,,,,,,
,,,,,,,,,,,,,,,,,,,,
,,,,,,,,,,,,,,,,,,,,
,,,,,,,,,,,,,,,,,,,,
,,,,,,,,,,,,,,,,,,,,
,,,,,,,,,,,,,,,,,,,,
,,,,,,,,,,,,,,,,,,,,
,,,,,,,,,,,,,,,,,,,,
,,,,,,,,,,,,,,,,,,,,
,,,,,,,,,,,,,,,,,,,,
,,,,,,,,,,,,,,,,,,,,
,,,,,,,,,,,,,,,,,,,,
,,,,,,,,,,,,,,,,,,,,
,,,,,,,,,,,,,,,,,,,,
,,,,,,,,,,,,,,,,,,,,
,,,,,,,,,,,,,,,,,,,,
,,,,,,,,,,,,,,,,,,,,
,,,,,,,,,,,,,,,,,,,,
,,,,,,,,,,,,,,,,,,,,
,,,,,,,,,,,,,,,,,,,,
,,,,,,,,,,,,,,,,,,,,
,,,,,,,,,,,,,,,,,,,,
,,,,,,,,,,,,,,,,,,,,
,,,,,,,,,,,,,,,,,,,,
,,,,,,,,,,,,,,,,,,,,
,,,,,,,,,,,,,,,,,,,,
,,,,,,,,,,,,,,,,,,,,
,,,,,,,,,,,,,,,,,,,,
,,,,,,,,,,,,,,,,,,,,
,,,,,,,,,,,,,,,,,,,,
,,,,,,,,,,,,,,,,,,,,
,,,,,,,,,,,,,,,,,,,,
,,,,,,,,,,,,,,,,,,,,
,,,,,,,,,,,,,,,,,,,,
,,,,,,,,,,,,,,,,,,,,
,,,,,,,,,,,,,,,,,,,,
,,,,,,,,,,,,,,,,,,,,
,,,,,,,,,,,,,,,,,,,,
,,,,,,,,,,,,,,,,,,,,
,,,,,,,,,,,,,,,,,,,,
,,,,,,,,,,,,,,,,,,,,
,,,,,,,,,,,,,,,,,,,,
,,,,,,,,,,,,,,,,,,,,
,,,,,,,,,,,,,,,,,,,,
,,,,,,,,,,,,,,,,,,,,
,,,,,,,,,,,,,,,,,,,,
,,,,,,,,,,,,,,,,,,,,
,,,,,,,,,,,,,,,,,,,,
,,,,,,,,,,,,,,,,,,,,
,,,,,,,,,,,,,,,,,,,,
,,,,,,,,,,,,,,,,,,,,
,,,,,,,,,,,,,,,,,,,,
,,,,,,,,,,,,,,,,,,,,
,,,,,,,,,,,,,,,,,,,,
,,,,,,,,,,,,,,,,,,,,
,,,,,,,,,,,,,,,,,,,,
,,,,,,,,,,,,,,,,,,,,
,,,,,,,,,,,,,,,,,,,,
,,,,,,,,,,,,,,,,,,,,
,,,,,,,,,,,,,,,,,,,,
,,,,,,,,,,,,,,,,,,,,
,,,,,,,,,,,,,,,,,,,,
,,,,,,,,,,,,,,,,,,,,
,,,,,,,,,,,,,,,,,,,,
,,,,,,,,,,,,,,,,,,,,
,,,,,,,,,,,,,,,,,,,,
,,,,,,,,,,,,,,,,,,,,
,,,,,,,,,,,,,,,,,,,,
,,,,,,,,,,,,,,,,,,,,
,,,,,,,,,,,,,,,,,,,,
,,,,,,,,,,,,,,,,,,,,
,,,,,,,,,,,,,,,,,,,,
,,,,,,,,,,,,,,,,,,,,
,,,,,,,,,,,,,,,,,,,,
,,,,,,,,,,,,,,,,,,,,
,,,,,,,,,,,,,,,,,,,,
,,,,,,,,,,,,,,,,,,,,
,,,,,,,,,,,,,,,,,,,,
,,,,,,,,,,,,,,,,,,,,
,,,,,,,,,,,,,,,,,,,,
,,,,,,,,,,,,,,,,,,,,
,,,,,,,,,,,,,,,,,,,,
,,,,,,,,,,,,,,,,,,,,
,,,,,,,,,,,,,,,,,,,,
,,,,,,,,,,,,,,,,,,,,
,,,,,,,,,,,,,,,,,,,,
,,,,,,,,,,,,,,,,,,,,
,,,,,,,,,,,,,,,,,,,,
,,,,,,,,,,,,,,,,,,,,
,,,,,,,,,,,,,,,,,,,,
,,,,,,,,,,,,,,,,,,,,
,,,,,,,,,,,,,,,,,,,,
,,,,,,,,,,,,,,,,,,,,
,,,,,,,,,,,,,,,,,,,,
,,,,,,,,,,,,,,,,,,,,
,,,,,,,,,,,,,,,,,,,,
,,,,,,,,,,,,,,,,,,,,
,,,,,,,,,,,,,,,,,,,,
,,,,,,,,,,,,,,,,,,,,
,,,,,,,,,,,,,,,,,,,,
,,,,,,,,,,,,,,,,,,,,
,,,,,,,,,,,,,,,,,,,,
,,,,,,,,,,,,,,,,,,,,
,,,,,,,,,,,,,,,,,,,,
,,,,,,,,,,,,,,,,,,,,
,,,,,,,,,,,,,,,,,,,,
,,,,,,,,,,,,,,,,,,,,
,,,,,,,,,,,,,,,,,,,,
,,,,,,,,,,,,,,,,,,,,
,,,,,,,,,,,,,,,,,,,,
,,,,,,,,,,,,,,,,,,,,
,,,,,,,,,,,,,,,,,,,,
,,,,,,,,,,,,,,,,,,,,
,,,,,,,,,,,,,,,,,,,,
,,,,,,,,,,,,,,,,,,,,
,,,,,,,,,,,,,,,,,,,,
,,,,,,,,,,,,,,,,,,,,
,,,,,,,,,,,,,,,,,,,,
,,,,,,,,,,,,,,,,,,,,
,,,,,,,,,,,,,,,,,,,,
,,,,,,,,,,,,,,,,,,,,
,,,,,,,,,,,,,,,,,,,,
,,,,,,,,,,,,,,,,,,,,
,,,,,,,,,,,,,,,,,,,,
,,,,,,,,,,,,,,,,,,,,
,,,,,,,,,,,,,,,,,,,,
,,,,,,,,,,,,,,,,,,,,
,,,,,,,,,,,,,,,,,,,,
,,,,,,,,,,,,,,,,,,,,
,,,,,,,,,,,,,,,,,,,,
,,,,,,,,,,,,,,,,,,,,
,,,,,,,,,,,,,,,,,,,,
,,,,,,,,,,,,,,,,,,,,
,,,,,,,,,,,,,,,,,,,,
,,,,,,,,,,,,,,,,,,,,
,,,,,,,,,,,,,,,,,,,,
,,,,,,,,,,,,,,,,,,,,
,,,,,,,,,,,,,,,,,,,,
,,,,,,,,,,,,,,,,,,,,
,,,,,,,,,,,,,,,,,,,,
,,,,,,,,,,,,,,,,,,,,
,,,,,,,,,,,,,,,,,,,,
,,,,,,,,,,,,,,,,,,,,
,,,,,,,,,,,,,,,,,,,,
,,,,,,,,,,,,,,,,,,,,
,,,,,,,,,,,,,,,,,,,,
,,,,,,,,,,,,,,,,,,,,
,,,,,,,,,,,,,,,,,,,,
,,,,,,,,,,,,,,,,,,,,
,,,,,,,,,,,,,,,,,,,,
,,,,,,,,,,,,,,,,,,,,
,,,,,,,,,,,,,,,,,,,,
,,,,,,,,,,,,,,,,,,,,
,,,,,,,,,,,,,,,,,,,,
,,,,,,,,,,,,,,,,,,,,
,,,,,,,,,,,,,,,,,,,,
,,,,,,,,,,,,,,,,,,,,
,,,,,,,,,,,,,,,,,,,,
,,,,,,,,,,,,,,,,,,,,
,,,,,,,,,,,,,,,,,,,,
,,,,,,,,,,,,,,,,,,,,
,,,,,,,,,,,,,,,,,,,,
,,,,,,,,,,,,,,,,,,,,
,,,,,,,,,,,,,,,,,,,,
,,,,,,,,,,,,,,,,,,,,
,,,,,,,,,,,,,,,,,,,,
,,,,,,,,,,,,,,,,,,,,
,,,,,,,,,,,,,,,,,,,,
,,,,,,,,,,,,,,,,,,,,
,,,,,,,,,,,,,,,,,,,,
,,,,,,,,,,,,,,,,,,,,
,,,,,,,,,,,,,,,,,,,,
,,,,,,,,,,,,,,,,,,,,
,,,,,,,,,,,,,,,,,,,,
,,,,,,,,,,,,,,,,,,,,
,,,,,,,,,,,,,,,,,,,,
,,,,,,,,,,,,,,,,,,,,
,,,,,,,,,,,,,,,,,,,,
,,,,,,,,,,,,,,,,,,,,
,,,,,,,,,,,,,,,,,,,,
,,,,,,,,,,,,,,,,,,,,
,,,,,,,,,,,,,,,,,,,,
,,,,,,,,,,,,,,,,,,,,
,,,,,,,,,,,,,,,,,,,,
,,,,,,,,,,,,,,,,,,,,
,,,,,,,,,,,,,,,,,,,,
,,,,,,,,,,,,,,,,,,,,
,,,,,,,,,,,,,,,,,,,,
,,,,,,,,,,,,,,,,,,,,
,,,,,,,,,,,,,,,,,,,,
,,,,,,,,,,,,,,,,,,,,
,,,,,,,,,,,,,,,,,,,,
,,,,,,,,,,,,,,,,,,,,
,,,,,,,,,,,,,,,,,,,,
,,,,,,,,,,,,,,,,,,,,
,,,,,,,,,,,,,,,,,,,,
,,,,,,,,,,,,,,,,,,,,
,,,,,,,,,,,,,,,,,,,,
,,,,,,,,,,,,,,,,,,,,
,,,,,,,,,,,,,,,,,,,,
,,,,,,,,,,,,,,,,,,,,
,,,,,,,,,,,,,,,,,,,,
,,,,,,,,,,,,,,,,,,,,
,,,,,,,,,,,,,,,,,,,,
,,,,,,,,,,,,,,,,,,,,
,,,,,,,,,,,,,,,,,,,,
,,,,,,,,,,,,,,,,,,,,
,,,,,,,,,,,,,,,,,,,,
,,,,,,,,,,,,,,,,,,,,
,,,,,,,,,,,,,,,,,,,,
,,,,,,,,,,,,,,,,,,,,
,,,,,,,,,,,,,,,,,,,,
,,,,,,,,,,,,,,,,,,,,
,,,,,,,,,,,,,,,,,,,,
,,,,,,,,,,,,,,,,,,,,
,,,,,,,,,,,,,,,,,,,,
,,,,,,,,,,,,,,,,,,,,
,,,,,,,,,,,,,,,,,,,,
,,,,,,,,,,,,,,,,,,,,
,,,,,,,,,,,,,,,,,,,,
,,,,,,,,,,,,,,,,,,,,
,,,,,,,,,,,,,,,,,,,,
,,,,,,,,,,,,,,,,,,,,
,,,,,,,,,,,,,,,,,,,,
,,,,,,,,,,,,,,,,,,,,
,,,,,,,,,,,,,,,,,,,,
,,,,,,,,,,,,,,,,,,,,
,,,,,,,,,,,,,,,,,,,,
,,,,,,,,,,,,,,,,,,,,
,,,,,,,,,,,,,,,,,,,,
,,,,,,,,,,,,,,,,,,,,
,,,,,,,,,,,,,,,,,,,,
,,,,,,,,,,,,,,,,,,,,
,,,,,,,,,,,,,,,,,,,,
,,,,,,,,,,,,,,,,,,,,
,,,,,,,,,,,,,,,,,,,,
,,,,,,,,,,,,,,,,,,,,
,,,,,,,,,,,,,,,,,,,,
,,,,,,,,,,,,,,,,,,,,
,,,,,,,,,,,,,,,,,,,,
,,,,,,,,,,,,,,,,,,,,
,,,,,,,,,,,,,,,,,,,,
,,,,,,,,,,,,,,,,,,,,
,,,,,,,,,,,,,,,,,,,,
,,,,,,,,,,,,,,,,,,,,
,,,,,,,,,,,,,,,,,,,,
,,,,,,,,,,,,,,,,,,,,
,,,,,,,,,,,,,,,,,,,,
,,,,,,,,,,,,,,,,,,,,
,,,,,,,,,,,,,,,,,,,,
,,,,,,,,,,,,,,,,,,,,
,,,,,,,,,,,,,,,,,,,,
,,,,,,,,,,,,,,,,,,,,
,,,,,,,,,,,,,,,,,,,,
,,,,,,,,,,,,,,,,,,,,
,,,,,,,,,,,,,,,,,,,,
,,,,,,,,,,,,,,,,,,,,
,,,,,,,,,,,,,,,,,,,,
,,,,,,,,,,,,,,,,,,,,
,,,,,,,,,,,,,,,,,,,,
,,,,,,,,,,,,,,,,,,,,
,,,,,,,,,,,,,,,,,,,,
,,,,,,,,,,,,,,,,,,,,
,,,,,,,,,,,,,,,,,,,,
,,,,,,,,,,,,,,,,,,,,
,,,,,,,,,,,,,,,,,,,,
,,,,,,,,,,,,,,,,,,,,
,,,,,,,,,,,,,,,,,,,,
,,,,,,,,,,,,,,,,,,,,
,,,,,,,,,,,,,,,,,,,,
,,,,,,,,,,,,,,,,,,,,
,,,,,,,,,,,,,,,,,,,,
,,,,,,,,,,,,,,,,,,,,
,,,,,,,,,,,,,,,,,,,,
,,,,,,,,,,,,,,,,,,,,
,,,,,,,,,,,,,,,,,,,,
,,,,,,,,,,,,,,,,,,,,
,,,,,,,,,,,,,,,,,,,,
,,,,,,,,,,,,,,,,,,,,
,,,,,,,,,,,,,,,,,,,,
,,,,,,,,,,,,,,,,,,,,
,,,,,,,,,,,,,,,,,,,,
,,,,,,,,,,,,,,,,,,,,
,,,,,,,,,,,,,,,,,,,,
,,,,,,,,,,,,,,,,,,,,
,,,,,,,,,,,,,,,,,,,,
,,,,,,,,,,,,,,,,,,,,
,,,,,,,,,,,,,,,,,,,,
,,,,,,,,,,,,,,,,,,,,
,,,,,,,,,,,,,,,,,,,,
,,,,,,,,,,,,,,,,,,,,
,,,,,,,,,,,,,,,,,,,,
,,,,,,,,,,,,,,,,,,,,
,,,,,,,,,,,,,,,,,,,,
,,,,,,,,,,,,,,,,,,,,
,,,,,,,,,,,,,,,,,,,,
,,,,,,,,,,,,,,,,,,,,
,,,,,,,,,,,,,,,,,,,,
,,,,,,,,,,,,,,,,,,,,
,,,,,,,,,,,,,,,,,,,,
,,,,,,,,,,,,,,,,,,,,
,,,,,,,,,,,,,,,,,,,,
,,,,,,,,,,,,,,,,,,,,
,,,,,,,,,,,,,,,,,,,,
,,,,,,,,,,,,,,,,,,,,
,,,,,,,,,,,,,,,,,,,,
,,,,,,,,,,,,,,,,,,,,
,,,,,,,,,,,,,,,,,,,,
,,,,,,,,,,,,,,,,,,,,
,,,,,,,,,,,,,,,,,,,,
,,,,,,,,,,,,,,,,,,,,
,,,,,,,,,,,,,,,,,,,,
,,,,,,,,,,,,,,,,,,,,
,,,,,,,,,,,,,,,,,,,,
,,,,,,,,,,,,,,,,,,,,
,,,,,,,,,,,,,,,,,,,,
,,,,,,,,,,,,,,,,,,,,
,,,,,,,,,,,,,,,,,,,,
,,,,,,,,,,,,,,,,,,,,
,,,,,,,,,,,,,,,,,,,,
,,,,,,,,,,,,,,,,,,,,
,,,,,,,,,,,,,,,,,,,,
,,,,,,,,,,,,,,,,,,,,
,,,,,,,,,,,,,,,,,,,,
,,,,,,,,,,,,,,,,,,,,
,,,,,,,,,,,,,,,,,,,,
,,,,,,,,,,,,,,,,,,,,
,,,,,,,,,,,,,,,,,,,,
,,,,,,,,,,,,,,,,,,,,
,,,,,,,,,,,,,,,,,,,,
,,,,,,,,,,,,,,,,,,,,
,,,,,,,,,,,,,,,,,,,,
,,,,,,,,,,,,,,,,,,,,
,,,,,,,,,,,,,,,,,,,,
,,,,,,,,,,,,,,,,,,,,
,,,,,,,,,,,,,,,,,,,,
,,,,,,,,,,,,,,,,,,,,
,,,,,,,,,,,,,,,,,,,,
,,,,,,,,,,,,,,,,,,,,
,,,,,,,,,,,,,,,,,,,,
,,,,,,,,,,,,,,,,,,,,
,,,,,,,,,,,,,,,,,,,,
,,,,,,,,,,,,,,,,,,,,
,,,,,,,,,,,,,,,,,,,,
,,,,,,,,,,,,,,,,,,,,
,,,,,,,,,,,,,,,,,,,,
,,,,,,,,,,,,,,,,,,,,
,,,,,,,,,,,,,,,,,,,,
,,,,,,,,,,,,,,,,,,,,
,,,,,,,,,,,,,,,,,,,,
,,,,,,,,,,,,,,,,,,,,
,,,,,,,,,,,,,,,,,,,,
,,,,,,,,,,,,,,,,,,,,
,,,,,,,,,,,,,,,,,,,,
,,,,,,,,,,,,,,,,,,,,
,,,,,,,,,,,,,,,,,,,,
,,,,,,,,,,,,,,,,,,,,
,,,,,,,,,,,,,,,,,,,,
,,,,,,,,,,,,,,,,,,,,
,,,,,,,,,,,,,,,,,,,,
,,,,,,,,,,,,,,,,,,,,
,,,,,,,,,,,,,,,,,,,,
,,,,,,,,,,,,,,,,,,,,
,,,,,,,,,,,,,,,,,,,,
,,,,,,,,,,,,,,,,,,,,
,,,,,,,,,,,,,,,,,,,,
,,,,,,,,,,,,,,,,,,,,
,,,,,,,,,,,,,,,,,,,,
,,,,,,,,,,,,,,,,,,,,
,,,,,,,,,,,,,,,,,,,,
,,,,,,,,,,,,,,,,,,,,
,,,,,,,,,,,,,,,,,,,,
,,,,,,,,,,,,,,,,,,,,
,,,,,,,,,,,,,,,,,,,,
,,,,,,,,,,,,,,,,,,,,
,,,,,,,,,,,,,,,,,,,,
,,,,,,,,,,,,,,,,,,,,
,,,,,,,,,,,,,,,,,,,,
,,,,,,,,,,,,,,,,,,,,
,,,,,,,,,,,,,,,,,,,,
,,,,,,,,,,,,,,,,,,,,
,,,,,,,,,,,,,,,,,,,,
,,,,,,,,,,,,,,,,,,,,
,,,,,,,,,,,,,,,,,,,,
,,,,,,,,,,,,,,,,,,,,
,,,,,,,,,,,,,,,,,,,,
,,,,,,,,,,,,,,,,,,,,
,,,,,,,,,,,,,,,,,,,,
,,,,,,,,,,,,,,,,,,,,
,,,,,,,,,,,,,,,,,,,,
,,,,,,,,,,,,,,,,,,,,
,,,,,,,,,,,,,,,,,,,,
,,,,,,,,,,,,,,,,,,,,
,,,,,,,,,,,,,,,,,,,,
,,,,,,,,,,,,,,,,,,,,
,,,,,,,,,,,,,,,,,,,,
,,,,,,,,,,,,,,,,,,,,
,,,,,,,,,,,,,,,,,,,,
,,,,,,,,,,,,,,,,,,,,
,,,,,,,,,,,,,,,,,,,,
,,,,,,,,,,,,,,,,,,,,
,,,,,,,,,,,,,,,,,,,,
,,,,,,,,,,,,,,,,,,,,
,,,,,,,,,,,,,,,,,,,,
,,,,,,,,,,,,,,,,,,,,
,,,,,,,,,,,,,,,,,,,,
,,,,,,,,,,,,,,,,,,,,
,,,,,,,,,,,,,,,,,,,,
,,,,,,,,,,,,,,,,,,,,
,,,,,,,,,,,,,,,,,,,,
,,,,,,,,,,,,,,,,,,,,
,,,,,,,,,,,,,,,,,,,,
,,,,,,,,,,,,,,,,,,,,
,,,,,,,,,,,,,,,,,,,,
,,,,,,,,,,,,,,,,,,,,
,,,,,,,,,,,,,,,,,,,,
,,,,,,,,,,,,,,,,,,,,
,,,,,,,,,,,,,,,,,,,,
,,,,,,,,,,,,,,,,,,,,
,,,,,,,,,,,,,,,,,,,,
,,,,,,,,,,,,,,,,,,,,
,,,,,,,,,,,,,,,,,,,,
,,,,,,,,,,,,,,,,,,,,
,,,,,,,,,,,,,,,,,,,,
,,,,,,,,,,,,,,,,,,,,
,,,,,,,,,,,,,,,,,,,,
,,,,,,,,,,,,,,,,,,,,
,,,,,,,,,,,,,,,,,,,,
,,,,,,,,,,,,,,,,,,,,
,,,,,,,,,,,,,,,,,,,,
,,,,,,,,,,,,,,,,,,,,
,,,,,,,,,,,,,,,,,,,,
,,,,,,,,,,,,,,,,,,,,
,,,,,,,,,,,,,,,,,,,,
,,,,,,,,,,,,,,,,,,,,
,,,,,,,,,,,,,,,,,,,,
,,,,,,,,,,,,,,,,,,,,
,,,,,,,,,,,,,,,,,,,,
,,,,,,,,,,,,,,,,,,,,
,,,,,,,,,,,,,,,,,,,,
,,,,,,,,,,,,,,,,,,,,
,,,,,,,,,,,,,,,,,,,,
,,,,,,,,,,,,,,,,,,,,
,,,,,,,,,,,,,,,,,,,,
,,,,,,,,,,,,,,,,,,,,
,,,,,,,,,,,,,,,,,,,,
,,,,,,,,,,,,,,,,,,,,
,,,,,,,,,,,,,,,,,,,,
,,,,,,,,,,,,,,,,,,,,
,,,,,,,,,,,,,,,,,,,,
,,,,,,,,,,,,,,,,,,,,
,,,,,,,,,,,,,,,,,,,,
,,,,,,,,,,,,,,,,,,,,
,,,,,,,,,,,,,,,,,,,,
,,,,,,,,,,,,,,,,,,,,
,,,,,,,,,,,,,,,,,,,,
,,,,,,,,,,,,,,,,,,,,
,,,,,,,,,,,,,,,,,,,,
,,,,,,,,,,,,,,,,,,,,
,,,,,,,,,,,,,,,,,,,,
,,,,,,,,,,,,,,,,,,,,
,,,,,,,,,,,,,,,,,,,,
,,,,,,,,,,,,,,,,,,,,
,,,,,,,,,,,,,,,,,,,,
,,,,,,,,,,,,,,,,,,,,
,,,,,,,,,,,,,,,,,,,,
,,,,,,,,,,,,,,,,,,,,
,,,,,,,,,,,,,,,,,,,,
,,,,,,,,,,,,,,,,,,,,
,,,,,,,,,,,,,,,,,,,,
,,,,,,,,,,,,,,,,,,,,
,,,,,,,,,,,,,,,,,,,,
,,,,,,,,,,,,,,,,,,,,
,,,,,,,,,,,,,,,,,,,,
,,,,,,,,,,,,,,,,,,,,
,,,,,,,,,,,,,,,,,,,,
,,,,,,,,,,,,,,,,,,,,
,,,,,,,,,,,,,,,,,,,,
,,,,,,,,,,,,,,,,,,,,
,,,,,,,,,,,,,,,,,,,,
,,,,,,,,,,,,,,,,,,,,
,,,,,,,,,,,,,,,,,,,,
,,,,,,,,,,,,,,,,,,,,
,,,,,,,,,,,,,,,,,,,,
,,,,,,,,,,,,,,,,,,,,
,,,,,,,,,,,,,,,,,,,,
,,,,,,,,,,,,,,,,,,,,
,,,,,,,,,,,,,,,,,,,,
,,,,,,,,,,,,,,,,,,,,
,,,,,,,,,,,,,,,,,,,,
,,,,,,,,,,,,,,,,,,,,
,,,,,,,,,,,,,,,,,,,,
,,,,,,,,,,,,,,,,,,,,
,,,,,,,,,,,,,,,,,,,,
,,,,,,,,,,,,,,,,,,,,
,,,,,,,,,,,,,,,,,,,,
,,,,,,,,,,,,,,,,,,,,
,,,,,,,,,,,,,,,,,,,,
,,,,,,,,,,,,,,,,,,,,
,,,,,,,,,,,,,,,,,,,,
,,,,,,,,,,,,,,,,,,,,
,,,,,,,,,,,,,,,,,,,,
,,,,,,,,,,,,,,,,,,,,
,,,,,,,,,,,,,,,,,,,,
,,,,,,,,,,,,,,,,,,,,
,,,,,,,,,,,,,,,,,,,,
